Account Name,Country,Domain
Penn Medicine,United States,pennmedicine.org
Genesis Healthcare System,United States,genesishcs.org
Dent Neurologic Institute,United States,dentinstitute.com
St Luke's Hospital Health System (Idaho),United States,stlukesonline.org
Premier Medical Group,United States,premiermedicalgroup.com
Vanderbilt Health,United States,vumc.org
Advocate Health,United States,advocatehealth.org
Prospect Medical Holdings,United States,prospectmedical.com
Hemophilia Outreach of Wisconsin,United States,hemophiliaoutreach.org
Ochsner Health System,United States,ochsner.org
Virginia Oncology Associates,United States,virginiacancer.com
Tennessee Cancer Specialists,United States,tnoncology.com
Baylor College of Medicine,United States,bcm.edu
University of Utah Health,United States,healthcare.utah.edu
Claxton Hepburn Medical Center,United States,claxtonhepburn.org
Comprehensive Cancer Centers of Nevada,United States,cccnevada.com
St Luke's University Health Network,United States,slhn.org
Medical University of South Carolina Health System,United States,muschealth.org
Dartmouth Health,United States,dartmouth-health.org
Regional Cancer Care Associates,United States,regionalcancercare.org
Memorial Sloan Kettering Cancer Center,United States,mskcc.org
IVX Health,United States,ivxhealth.com
Bond Clinic,United States,bondclinic.com
Allegheny Health Network,United States,ahn.org
Oncology Consultants,United States,oncologyconsultants.com
HCA Healthcare,United States,hcahealthcare.com
Oregon Oncology Specialists,United States,oregononcology.com
Northside Hospital System,United States,northside.com
St Charles Health System,United States,stcharleshealthcare.org
Augusta Oncology Associates,United States,augustaoncology.com
Department of Veterans Affairs,United States,va.gov
Torrance Memorial Medical Center,United States,torrancememorial.org
Saint Francis Health System,United States,saintfrancis.com
Yale New Haven Health System,United States,ynhhs.org
UChicago Medicine,United States,uchicagomedicine.org
Highland Clinic,United States,highlandclinic.com
Ironwood Cancer & Research Centers,United States,ironwoodcrc.com
Southern Cancer Center,United States,southerncancercenter.com
Rush University System for Health,United States,rush.edu
Alliance Cancer Specialists,United States,alliancecancer.com
Bozeman Health,United States,bozemanhealth.org
Eisenhower Health,United States,eisenhowerhealth.org
Allina Health,United States,allinahealth.org
MultiCare Health System,United States,multicare.org
LivWell Infusion,United States,livwellinfusion.com
Cancer Center of Kansas,United States,cckusa.com
Augusta Urology Associates,United States,augustauro.com
FirstHealth of the Carolinas,United States,firsthealth.org
Katy Pain and Spine,United States,katypainandspine.com
Novant Health,United States,novanthealth.org
Luminis Health,United States,luminishealth.org
Arizona Oncology,United States,arizonaoncology.com
Northwest Cancer Center,United States,northwestcancer.com
MaineHealth,United States,mainehealth.org
Virginia Cancer Institute,United States,vacancer.com
UW Health (Wisconsin),United States,uwhealth.org
University Hospitals Health System,United States,uhhospitals.org
Watson Clinic,United States,watsonclinic.com
Millennium Physicians,United States,mp.md
Care New England,United States,carenewengland.org
ChristianaCare,United States,christianacare.org
Sutter Health,United States,sutterhealth.org
Mountain View Hospital,United States,mvhospital.com
WVU Medicine,United States,wvumedicine.org
University of Illinois Hospital & Health Sciences System,United States,hospital.uillinois.edu
Legacy Health,United States,legacyhealth.org
UC Health (Cincinnati),United States,uchealth.com
Ascension Health,United States,ascension.org
Cooper University Health,United States,cooperhealth.edu
Texas Neurology,United States,texasneurology.com
FloMed Infusion Services,United States,flomedinfusion.com
Mercy,United States,mercy.net
Presbyterian Healthcare Services,United States,phs.org
Khan Medical Associates,United States,khanmedicalassociates.com
Wellstar Health System,United States,wellstar.org
Piedmont Healthcare,United States,piedmont.org
Cancer Care Centers of Brevard,United States,cccbrevard.com
Michiana Hematology Oncology,United States,mhopc.com
Inova,United States,inova.org
Cincinnati Children's Hospital Medical Center,United States,cincinnatichildrens.org
Mission Cancer and Blood,United States,missioncancer.com
CommonSpirit Health,United States,commonspirit.org
UnitedHealth Group,United States,unitedhealthgroup.com
Heart of the Rockies Regional Medical Center,United States,hrrmc.com
SSM Health,United States,ssmhealth.com
Mount Sinai Medical Center of Florida,United States,msmc.com
Maryland Oncology Hematology,United States,mdoncology.com
Memorial Healthcare System,United States,mhs.net
Consultants in Medical Oncology and Hematology,United States,cmoh.com
Highlands Oncology Group,United States,highlandsoncology.com
Halifax Health,United States,halifaxhealth.org
UW Medicine (Seattle),United States,uwmedicine.org
Hartford HealthCare,United States,hartfordhealthcare.org
Intermountain Health,United States,intermountainhealthcare.org
Kaleida Health,United States,kaleidahealth.org
Emory Healthcare,United States,emoryhealthcare.org
CARTI,United States,carti.com
Nebraska Hematology Oncology,United States,nebraskacancer.com
Physicians Clinic of Iowa,United States,pcofiowa.com
University of Southern California (Keck Medicine),United States,keckmedicine.org
INTEGRIS Health,United States,integrisok.com
The Oncology Institute of Hope and Innovation,United States,theoncologyinstitute.com
Baptist Health,United States,baptisthealth.com
Mississippi Center for Advanced Medicine,United States,msadvancedmedicine.com
University of Iowa Health Care,United States,uihc.org
UMass Memorial Health Care,United States,umassmemorial.org
University of Maryland Medical System,United States,umms.org
Orlando Health,United States,orlandohealth.com
Tufts Medicine,United States,tuftsmedicine.org
Desert Hematology Oncology Medical Group,United States,deserthematology.com
Central Care Cancer Center,United States,cccancer.com
MemorialCare Health System,United States,memorialcare.org
Gillette Children's Specialty Healthcare,United States,gillettechildrens.org
Banner Health,United States,bannerhealth.com
UAB Medicine,United States,uabmedicine.org
Urological Associates,United States,uropc.com
M Health Fairview,United States,fairview.org
Contra Costa Oncology,United States,contracostaoncology.com
Stanford Medicine,United States,stanfordhealthcare.org
Illinois Cancer Specialists,United States,illinoiscancerspecialists.com
University of Missouri Health Care,United States,muhealth.org
Florida Cancer Affiliates,United States,floridacanceraffiliates.com
John Muir Health,United States,johnmuirhealth.com
MedStar Health,United States,medstarhealth.org
Springfield Clinic,United States,springfieldclinic.com
Johns Hopkins Medicine,United States,hopkinsmedicine.org
Cedars-Sinai Health System,United States,cedars-sinai.org
Children's National,United States,childrensnational.org
Rady Children's Hospital San Diego,United States,rchsd.org
Solano Hematology Oncology,United States,solanohemoonc.com
National Jewish Health,United States,nationaljewish.org
