Reporting Period:,Lifetime
Report Type:,Account Performance
Grouped By:,6sense Accounts
Time of Report:,Tue Jun 16 2026 10:47:01 GMT-0600


Campaign ID,6sense Company Name,6sense Country,6sense Domain,Impressions,Clicks,Spend,Website Engagement,Latest Impression,Influenced Form Fills,Video Error,Video Start,Video Skip,Video 25% Complete,Video 50% Complete,Video 75% Complete,Video 100% Complete,Mid-points,Completions,Completion rate,Cost per completed view (CPCV)
323379,"iECURE","United States","iecure.com","62","0","$0.47",-,2026-06-15,"0","0","0","0","0","0","0","0","0","0","0.00%","$0.00"
324978,"iECURE","United States","iecure.com","1","0","$0.01",-,2026-06-13,"0","0","1","0","1","1","1","0","1","0","0.00%","$0.00"
323380,"Vertex Pharmaceuticals","United States","vrtx.com","325","3","$2.51",-,2026-06-09,"0","0","0","0","0","0","0","0","0","0","0.00%","$0.00"
324978,"Vericel Corporation","United States","vcel.com","9","0","$0.08",-,2026-06-15,"0","0","9","0","7","6","4","2","6","2","22.22%","$0.04"
323380,"Vericel Corporation","United States","vcel.com","290","0","$2.24",-,2026-06-15,"0","0","0","0","0","0","0","0","0","0","0.00%","$0.00"
323379,"Vericel Corporation","United States","vcel.com","350","0","$2.65",-,2026-06-15,"0","0","0","0","0","0","0","0","0","0","0.00%","$0.00"
324927,"Vericel Corporation","United States","vcel.com","27","0","$0.25",-,2026-06-15,"0","0","25","0","16","14","13","13","14","13","48.15%","$0.02"
323379,"University Of California - Los Angeles","United States","ucla.edu","9,078","6","$68.76",New,2026-06-15,"0","0","0","0","0","0","0","0","0","0","0.00%","$0.00"
324978,"University Of California - Los Angeles","United States","ucla.edu","588","1","$5.33",-,2026-06-14,"0","21","577","0","402","348","231","163","348","163","27.72%","$0.03"
323379,"Ultragenyx Pharmaceutical","United States","ultragenyx.com","314","1","$2.38",-,2026-06-15,"0","0","0","0","0","0","0","0","0","0","0.00%","$0.00"
324978,"Ultragenyx Pharmaceutical","United States","ultragenyx.com","12","0","$0.11",-,2026-06-15,"0","0","12","0","9","9","8","8","9","8","66.67%","$0.01"
323379,"US WorldMeds","United States","usworldmeds.com","121","0","$0.92",-,2026-06-15,"0","0","0","0","0","0","0","0","0","0","0.00%","$0.00"
324927,"US WorldMeds","United States","usworldmeds.com","4","0","$0.04",-,2026-06-14,"0","0","4","0","2","1","1","0","1","0","0.00%","$0.00"
324978,"US WorldMeds","United States","usworldmeds.com","4","0","$0.04",-,2026-06-13,"0","0","2","0","1","1","1","1","1","1","25.00%","$0.04"
323380,"US WorldMeds","United States","usworldmeds.com","95","0","$0.74",-,2026-06-15,"0","0","0","0","0","0","0","0","0","0","0.00%","$0.00"
323379,"Throne Biotechnologies","United States","thronebio.com","16","0","$0.12",-,2026-06-12,"0","0","0","0","0","0","0","0","0","0","0.00%","$0.00"
323379,"Tenaya Therapeutics","United States","tenayatherapeutics.com","33","0","$0.25",-,2026-06-14,"0","0","0","0","0","0","0","0","0","0","0.00%","$0.00"
323379,"Taysha Gene Therapies","United States","tayshagtx.com","91","0","$0.69",-,2026-06-15,"0","0","0","0","0","0","0","0","0","0","0.00%","$0.00"
324978,"Taysha Gene Therapies","United States","tayshagtx.com","5","0","$0.05",-,2026-06-14,"0","0","5","0","4","4","4","4","4","4","80.00%","$0.01"
323379,"TScan Therapeutics","United States","tscan.com","243","0","$1.84",-,2026-06-15,"0","0","0","0","0","0","0","0","0","0","0.00%","$0.00"
324978,"TScan Therapeutics","United States","tscan.com","23","0","$0.21",-,2026-06-15,"0","0","23","0","21","21","19","15","21","15","65.22%","$0.01"
323379,"Sarepta Therapeutics","United States","sarepta.com","792","0","$6.00",-,2026-06-15,"0","0","0","0","0","0","0","0","0","0","0.00%","$0.00"
324927,"Sarepta Therapeutics","United States","sarepta.com","118","0","$1.10",-,2026-06-15,"0","0","112","0","79","70","60","50","70","50","42.37%","$0.02"
324978,"Sarepta Therapeutics","United States","sarepta.com","53","0","$0.48",-,2026-06-15,"0","0","51","0","37","33","26","23","33","23","43.40%","$0.02"
323380,"Sarepta Therapeutics","United States","sarepta.com","711","0","$5.50",-,2026-06-15,"0","0","0","0","0","0","0","0","0","0","0.00%","$0.00"
323379,"Replimune","United States","replimune.com","184","0","$1.39",-,2026-06-15,"0","0","0","0","0","0","0","0","0","0","0.00%","$0.00"
324978,"Replimune","United States","replimune.com","3","0","$0.03",-,2026-06-13,"0","0","3","0","2","1","0","0","1","0","0.00%","$0.00"
323379,"Rarity PBC","United States","raritypbc.com","18","0","$0.14",-,2026-06-15,"0","0","0","0","0","0","0","0","0","0","0.00%","$0.00"
323379,"REGENXBIO","United States","regenxbio.com","243","0","$1.84",-,2026-06-15,"0","0","0","0","0","0","0","0","0","0","0.00%","$0.00"
324978,"REGENXBIO","United States","regenxbio.com","23","0","$0.21",-,2026-06-15,"0","0","22","0","17","15","13","7","15","7","30.43%","$0.03"
323379,"Protara Therapeutics, Inc.","United States","protaratx.com","92","0","$0.70",-,2026-06-15,"0","0","0","0","0","0","0","0","0","0","0.00%","$0.00"
323379,"ProKidney Corp.","United States","prokidney.com","144","0","$1.09",-,2026-06-15,"0","0","0","0","0","0","0","0","0","0","0.00%","$0.00"
324978,"ProKidney Corp.","United States","prokidney.com","16","0","$0.15",-,2026-06-15,"0","0","16","0","13","11","10","10","11","10","62.50%","$0.01"
323380,"Precigen","United States","precigen.com","55","0","$0.42",-,2026-06-09,"0","0","0","0","0","0","0","0","0","0","0.00%","$0.00"
324978,"PolarityBio","United States","polaritybio.com","2","0","$0.02",-,2026-06-14,"0","0","2","0","1","1","1","0","1","0","0.00%","$0.00"
323379,"PolarityBio","United States","polaritybio.com","14","0","$0.10",-,2026-06-13,"0","0","0","0","0","0","0","0","0","0","0.00%","$0.00"
323379,"Pfizer","United States","pfizer.com","3,647","1","$27.62",-,2026-06-15,"0","0","0","0","0","0","0","0","0","0","0.00%","$0.00"
324978,"Pfizer","United States","pfizer.com","723","0","$6.55",-,2026-06-15,"0","66","675","0","507","444","362","281","444","281","38.87%","$0.02"
323380,"PTC Therapeutics","United States","ptcbio.com","202","0","$1.56",-,2026-06-09,"0","0","0","0","0","0","0","0","0","0","0.00%","$0.00"
323379,"Ocugen","United States","ocugen.com","124","0","$0.94",-,2026-06-15,"0","0","0","0","0","0","0","0","0","0","0.00%","$0.00"
324978,"Ocugen","United States","ocugen.com","4","0","$0.04",-,2026-06-14,"0","0","3","0","2","2","2","1","2","1","25.00%","$0.04"
323379,"Novartis","United States","novartis.com","3,227","0","$24.44",-,2026-06-15,"0","0","0","0","0","0","0","0","0","0","0.00%","$0.00"
324978,"Novartis","United States","novartis.com","524","0","$4.75",-,2026-06-15,"0","28","496","1","374","317","263","206","317","206","39.31%","$0.02"
323380,"Novartis","United States","novartis.com","2,798","1","$21.64",-,2026-06-15,"0","0","0","0","0","0","0","0","0","0","0.00%","$0.00"
324927,"Novartis","United States","novartis.com","799","3","$7.42",-,2026-06-15,"0","41","763","1","542","478","401","324","478","324","40.55%","$0.02"
324927,"Neurotech","United States","neurotechpharmaceuticals.com","13","0","$0.12",-,2026-06-14,"0","0","13","0","10","9","8","8","9","8","61.54%","$0.02"
323380,"Neurotech","United States","neurotechpharmaceuticals.com","62","0","$0.48",-,2026-06-15,"0","0","0","0","0","0","0","0","0","0","0.00%","$0.00"
323379,"Neurogene Inc.","United States","neurogene.com","92","0","$0.70",-,2026-06-15,"0","0","0","0","0","0","0","0","0","0","0.00%","$0.00"
324978,"Neurogene Inc.","United States","neurogene.com","4","0","$0.04",-,2026-06-15,"0","0","4","0","2","2","2","2","2","2","50.00%","$0.02"
323379,"Nanoscope Therapeutics","United States","nanostherapeutics.com","7","0","$0.05",-,2026-06-08,"0","0","0","0","0","0","0","0","0","0","0.00%","$0.00"
323379,"NS Pharma","United States","nspharma.com","115","0","$0.87",-,2026-06-15,"0","0","0","0","0","0","0","0","0","0","0.00%","$0.00"
324978,"NS Pharma","United States","nspharma.com","2","0","$0.02",-,2026-06-13,"0","0","2","0","0","0","0","0","0","0","0.00%","$0.00"
324978,"Moderna","United States","modernatx.com","113","0","$1.02",-,2026-06-15,"0","3","108","0","78","66","56","40","66","40","35.40%","$0.03"
323379,"Moderna","United States","modernatx.com","506","1","$3.83",-,2026-06-15,"0","0","0","0","0","0","0","0","0","0","0.00%","$0.00"
323379,"Marker Therapeutics, Inc.","United States","markertherapeutics.com","12","0","$0.09",-,2026-06-15,"0","0","0","0","0","0","0","0","0","0","0.00%","$0.00"
323380,"Mallinckrodt Pharmaceuticals","United States","mallinckrodt.com","263","0","$2.03",-,2026-06-15,"0","0","0","0","0","0","0","0","0","0","0.00%","$0.00"
324927,"Mallinckrodt Pharmaceuticals","United States","mallinckrodt.com","51","0","$0.47",-,2026-06-15,"0","3","51","0","28","24","18","14","24","14","27.45%","$0.03"
324978,"Lyell Immunopharma","United States","lyell.com","5","0","$0.05",-,2026-06-15,"0","0","5","0","4","4","3","1","4","1","20.00%","$0.05"
323379,"Lyell Immunopharma","United States","lyell.com","189","0","$1.43",-,2026-06-15,"0","0","0","0","0","0","0","0","0","0","0.00%","$0.00"
323379,"Legend Biotech","United States","legendbiotech.com","267","0","$2.02",-,2026-06-15,"0","0","0","0","0","0","0","0","0","0","0.00%","$0.00"
324978,"Legend Biotech","United States","legendbiotech.com","34","0","$0.31",-,2026-06-15,"0","2","33","0","26","21","17","16","21","16","47.06%","$0.02"
323379,"Kyverna Therapeutics","United States","kyvernatx.com","95","0","$0.72",-,2026-06-15,"0","0","0","0","0","0","0","0","0","0","0.00%","$0.00"
323380,"Krystal Biotech, Inc.","United States","krystalbio.com","108","2","$0.84",-,2026-06-15,"0","0","0","0","0","0","0","0","0","0","0.00%","$0.00"
323379,"Krystal Biotech, Inc.","United States","krystalbio.com","98","0","$0.74",-,2026-06-15,"0","0","0","0","0","0","0","0","0","0","0.00%","$0.00"
324978,"Krystal Biotech, Inc.","United States","krystalbio.com","4","0","$0.04",-,2026-06-14,"0","0","4","0","1","1","0","0","1","0","0.00%","$0.00"
324927,"Krystal Biotech, Inc.","United States","krystalbio.com","6","0","$0.06",-,2026-06-15,"0","0","6","0","4","3","3","2","3","2","33.33%","$0.03"
324978,"Johnson & Johnson","United States","jnj.com","495","0","$4.49",Increased,2026-06-14,"0","30","473","0","321","272","219","178","272","178","35.96%","$0.03"
323380,"Johnson & Johnson","United States","jnj.com","3,706","1","$28.67",Increased,2026-06-15,"0","0","0","0","0","0","0","0","0","0","0.00%","$0.00"
324927,"Johnson & Johnson","United States","jnj.com","1,865","1","$17.32",Increased,2026-06-15,"0","166","1,805","3","1,222","1,047","816","659","1,047","659","35.34%","$0.03"
323379,"Johnson & Johnson","United States","jnj.com","4,262","0","$32.28",Increased,2026-06-15,"0","0","0","0","0","0","0","0","0","0","0.00%","$0.00"
323380,"Iovance Biotherapeutics, Inc.","United States","iovance.com","70","0","$0.54",-,2026-06-09,"0","0","0","0","0","0","0","0","0","0","0.00%","$0.00"
323379,"Intellia Therapeutics, Inc.","United States","intelliatx.com","455","0","$3.45",-,2026-06-15,"0","0","0","0","0","0","0","0","0","0","0.00%","$0.00"
324978,"Intellia Therapeutics, Inc.","United States","intelliatx.com","10","0","$0.09",-,2026-06-15,"0","1","10","0","6","5","3","3","5","3","30.00%","$0.03"
323379,"Imunon, Inc.","United States","imunon.com","12","0","$0.09",-,2026-06-10,"0","0","0","0","0","0","0","0","0","0","0.00%","$0.00"
323379,"ImmunityBio, Inc.","United States","immunitybio.com","219","0","$1.66",-,2026-06-15,"0","0","0","0","0","0","0","0","0","0","0.00%","$0.00"
323379,"Immatics","United States","immatics.com","59","0","$0.45",-,2026-06-15,"0","0","0","0","0","0","0","0","0","0","0.00%","$0.00"
324927,"Humacyte","United States","humacyte.com","9","0","$0.08",-,2026-06-15,"0","0","7","0","6","6","6","6","6","6","66.67%","$0.01"
323380,"Humacyte","United States","humacyte.com","165","0","$1.28",-,2026-06-15,"0","0","0","0","0","0","0","0","0","0","0.00%","$0.00"
323379,"Hope Biosciences","United States","hope.bio","1","0","$0.01",-,2026-06-12,"0","0","0","0","0","0","0","0","0","0","0.00%","$0.00"
323379,"Gradalis","United States","gradalisinc.com","58","0","$0.44",-,2026-06-15,"0","0","0","0","0","0","0","0","0","0","0.00%","$0.00"
323379,"Grace Science, LLC","United States","gracescience.com","2","0","$0.02",-,2026-06-08,"0","0","0","0","0","0","0","0","0","0","0.00%","$0.00"
323379,"Gilead Sciences","United States","gilead.com","1,437","3","$10.88",Increased,2026-06-15,"0","0","0","0","0","0","0","0","0","0","0.00%","$0.00"
323380,"Gilead Sciences","United States","gilead.com","1,270","2","$9.82",Increased,2026-06-15,"0","0","0","0","0","0","0","0","0","0","0.00%","$0.00"
324927,"Gilead Sciences","United States","gilead.com","225","1","$2.09",-,2026-06-15,"0","6","211","0","153","128","95","76","128","76","33.78%","$0.03"
324978,"Gilead Sciences","United States","gilead.com","148","0","$1.34",-,2026-06-15,"0","12","142","0","110","95","66","50","95","50","33.78%","$0.03"
323379,"Genetix Biotherapeutics","United States","genetixbiotx.com","435","1","$3.29",-,2026-06-15,"0","0","0","0","0","0","0","0","0","0","0.00%","$0.00"
323380,"Genetix Biotherapeutics","United States","genetixbiotx.com","342","0","$2.65",-,2026-06-15,"0","0","0","0","0","0","0","0","0","0","0.00%","$0.00"
324927,"Genetix Biotherapeutics","United States","genetixbiotx.com","31","0","$0.29",-,2026-06-14,"0","12","23","0","12","12","11","6","12","6","19.35%","$0.05"
324978,"Genetix Biotherapeutics","United States","genetixbiotx.com","17","0","$0.15",-,2026-06-15,"0","3","11","0","10","8","8","7","8","7","41.18%","$0.02"
323379,"Genentech","United States","gene.com","3,421","0","$25.91",New,2026-06-15,"0","0","0","0","0","0","0","0","0","0","0.00%","$0.00"
323380,"Genentech","United States","gene.com","2,921","2","$22.60",New,2026-06-15,"0","0","0","0","0","0","0","0","0","0","0.00%","$0.00"
324978,"Genentech","United States","gene.com","580","0","$5.26",-,2026-06-15,"0","17","573","0","411","339","244","174","339","174","30.00%","$0.03"
324927,"Genentech","United States","gene.com","717","0","$6.66",-,2026-06-15,"0","17","709","1","525","435","327","248","435","248","34.59%","$0.03"
323379,"Gameto","United States","gametogen.com","14","0","$0.10",-,2026-06-15,"0","0","0","0","0","0","0","0","0","0","0.00%","$0.00"
323380,"Ferring Uro-Oncology","United States","ferringusa.com","4","0","$0.03",-,2026-06-15,"0","0","0","0","0","0","0","0","0","0","0.00%","$0.00"
324927,"Dendreon","United States","dendreon.com","6","0","$0.06",-,2026-06-14,"0","0","6","0","3","3","3","2","3","2","33.33%","$0.03"
323379,"Dendreon","United States","dendreon.com","271","0","$2.05",-,2026-06-15,"0","0","0","0","0","0","0","0","0","0","0.00%","$0.00"
323380,"Dendreon","United States","dendreon.com","225","0","$1.74",-,2026-06-15,"0","0","0","0","0","0","0","0","0","0","0.00%","$0.00"
324978,"Dendreon","United States","dendreon.com","2","0","$0.02",-,2026-06-14,"0","0","2","0","2","1","1","1","1","1","50.00%","$0.02"
324978,"Denali Therapeutics","United States","denalitherapeutics.com","13","0","$0.12",-,2026-06-15,"0","1","13","0","9","7","6","6","7","6","46.15%","$0.02"
323379,"Denali Therapeutics","United States","denalitherapeutics.com","349","0","$2.64",-,2026-06-15,"0","0","0","0","0","0","0","0","0","0","0.00%","$0.00"
323379,"Cook MyoSite","United States","cookmyosite.com","290","0","$2.20",-,2026-06-15,"0","0","0","0","0","0","0","0","0","0","0.00%","$0.00"
324978,"Cook MyoSite","United States","cookmyosite.com","2","0","$0.02",-,2026-06-15,"0","0","2","0","2","2","1","0","2","0","0.00%","$0.00"
323379,"CellTrans","United States","celltransinc.com","6","0","$0.05",-,2026-06-08,"0","0","0","0","0","0","0","0","0","0","0.00%","$0.00"
323380,"CellTrans","United States","celltransinc.com","5","0","$0.04",-,2026-06-08,"0","0","0","0","0","0","0","0","0","0","0.00%","$0.00"
323379,"Castle Creek Biosciences, LLC","United States","castlecreekbio.com","17","0","$0.13",-,2026-06-14,"0","0","0","0","0","0","0","0","0","0","0.00%","$0.00"
323379,"Cartesian Therapeutics","United States","cartesiantherapeutics.com","72","0","$0.55",-,2026-06-15,"0","0","0","0","0","0","0","0","0","0","0.00%","$0.00"
323379,"Capricor Therapeutics, Inc.","United States","capricor.com","45","0","$0.34",-,2026-06-15,"0","0","0","0","0","0","0","0","0","0","0.00%","$0.00"
324978,"Capricor Therapeutics, Inc.","United States","capricor.com","6","0","$0.05",-,2026-06-15,"0","0","6","0","6","5","1","0","5","0","0.00%","$0.00"
323379,"Candel Therapeutics","United States","candeltx.com","60","0","$0.45",-,2026-06-15,"0","0","0","0","0","0","0","0","0","0","0.00%","$0.00"
324978,"Candel Therapeutics","United States","candeltx.com","2","0","$0.02",-,2026-06-15,"0","0","2","0","2","2","2","2","2","2","100.00%","$0.01"
323379,"Cabaletta Bio","United States","cabalettabio.com","120","0","$0.91",-,2026-06-15,"0","0","0","0","0","0","0","0","0","0","0.00%","$0.00"
324978,"Cabaletta Bio","United States","cabalettabio.com","2","0","$0.02",-,2026-06-15,"0","1","2","0","1","0","0","0","0","0","0.00%","$0.00"
323380,"CSL","United States","csl.com","951","1","$7.36",-,2026-06-15,"0","0","0","0","0","0","0","0","0","0","0.00%","$0.00"
324978,"CSL","United States","csl.com","69","0","$0.63",-,2026-06-15,"0","3","68","0","43","36","29","22","36","22","31.88%","$0.03"
323379,"CSL","United States","csl.com","1,107","0","$8.39",-,2026-06-15,"0","0","0","0","0","0","0","0","0","0","0.00%","$0.00"
324927,"CSL","United States","csl.com","130","0","$1.21",-,2026-06-15,"0","3","126","1","86","69","58","42","69","42","32.31%","$0.03"
324978,"CG Oncology","United States","cgoncology.com","2","0","$0.02",-,2026-06-15,"0","0","2","0","1","1","1","1","1","1","50.00%","$0.02"
323379,"CG Oncology","United States","cgoncology.com","109","0","$0.83",-,2026-06-15,"0","0","0","0","0","0","0","0","0","0","0.00%","$0.00"
323380,"Bristol Myers Squibb","United States","bms.com","1,180","0","$9.13",New,2026-06-09,"0","0","0","0","0","0","0","0","0","0","0.00%","$0.00"
323379,"Bristol Myers Squibb","United States","bms.com","1,479","1","$11.20",New,2026-06-13,"0","0","0","0","0","0","0","0","0","0","0.00%","$0.00"
323379,"Brainstorm Cell Therapeutics Inc.","United States","brainstorm-cell.com","36","0","$0.27",-,2026-06-15,"0","0","0","0","0","0","0","0","0","0","0.00%","$0.00"
323379,"BlueRock Therapeutics","United States","bluerocktx.com","80","0","$0.60",-,2026-06-15,"0","0","0","0","0","0","0","0","0","0","0.00%","$0.00"
324978,"BlueRock Therapeutics","United States","bluerocktx.com","1","0","$0.01",-,2026-06-15,"0","0","1","0","0","0","0","0","0","0","0.00%","$0.00"
324978,"Biogen","United States","biogen.com","165","0","$1.50",-,2026-06-15,"0","9","149","0","107","90","72","66","90","66","40.00%","$0.02"
323379,"Biogen","United States","biogen.com","1,156","2","$8.76",-,2026-06-15,"0","0","0","0","0","0","0","0","0","0","0.00%","$0.00"
323379,"BioMarin Pharmaceutical Inc.","United States","biomarin.com","418","0","$3.17",-,2026-06-15,"0","0","0","0","0","0","0","0","0","0","0.00%","$0.00"
324927,"BioMarin Pharmaceutical Inc.","United States","biomarin.com","20","0","$0.19",-,2026-06-15,"0","1","20","0","14","12","9","8","12","8","40.00%","$0.02"
323380,"BioMarin Pharmaceutical Inc.","United States","biomarin.com","338","0","$2.62",-,2026-06-15,"0","0","0","0","0","0","0","0","0","0","0.00%","$0.00"
324978,"BioMarin Pharmaceutical Inc.","United States","biomarin.com","16","0","$0.15",-,2026-06-15,"0","0","16","0","8","6","4","4","6","4","25.00%","$0.04"
323379,"BioCardia, Inc.","United States","biocardia.com","19","0","$0.14",-,2026-06-13,"0","0","0","0","0","0","0","0","0","0","0.00%","$0.00"
323379,"Beam Therapeutics","United States","beamtx.com","287","0","$2.17",-,2026-06-15,"0","0","0","0","0","0","0","0","0","0","0.00%","$0.00"
324978,"Beam Therapeutics","United States","beamtx.com","9","0","$0.08",-,2026-06-15,"0","0","9","0","7","7","6","5","7","5","55.56%","$0.02"
323379,"Aurion Biotech","United States","aurionbiotech.com","35","0","$0.26",-,2026-06-15,"0","0","0","0","0","0","0","0","0","0","0.00%","$0.00"
324978,"Aurion Biotech","United States","aurionbiotech.com","2","0","$0.02",-,2026-06-13,"0","0","2","0","1","0","0","0","0","0","0.00%","$0.00"
323379,"Astellas Pharma","United States","astellas.com","885","0","$6.70",-,2026-06-15,"0","0","0","0","0","0","0","0","0","0","0.00%","$0.00"
324978,"Astellas Pharma","United States","astellas.com","66","0","$0.60",-,2026-06-15,"0","3","65","0","44","40","35","30","40","30","45.45%","$0.02"
323379,"AskBio Inc.","United States","askbio.com","228","0","$1.73",-,2026-06-15,"0","0","0","0","0","0","0","0","0","0","0.00%","$0.00"
324978,"AskBio Inc.","United States","askbio.com","6","0","$0.05",-,2026-06-15,"0","0","6","0","2","2","2","2","2","2","33.33%","$0.03"
323379,"Arcturus Therapeutics","United States","arcturusrx.com","108","0","$0.82",-,2026-06-15,"0","0","0","0","0","0","0","0","0","0","0.00%","$0.00"
324978,"Arcturus Therapeutics","United States","arcturusrx.com","6","0","$0.05",-,2026-06-14,"0","0","6","0","4","4","3","3","4","3","50.00%","$0.02"
324978,"Arcellx","United States","arcellx.com","1","0","$0.01",-,2026-06-12,"0","0","1","0","1","1","1","1","1","1","100.00%","$0.01"
323379,"Arcellx","United States","arcellx.com","116","0","$0.88",-,2026-06-15,"0","0","0","0","0","0","0","0","0","0","0.00%","$0.00"
323379,"Amgen","United States","amgen.com","2,074","0","$15.71",New,2026-06-15,"0","0","0","0","0","0","0","0","0","0","0.00%","$0.00"
323380,"Amgen","United States","amgen.com","1,918","0","$14.84",New,2026-06-15,"0","0","0","0","0","0","0","0","0","0","0.00%","$0.00"
324927,"Amgen","United States","amgen.com","505","0","$4.69",-,2026-06-15,"0","20","466","2","344","268","216","184","268","184","36.44%","$0.03"
324978,"Amgen","United States","amgen.com","291","1","$2.64",-,2026-06-15,"0","14","268","1","202","165","130","106","165","106","36.43%","$0.02"
323379,"Abeona Therapeutics","United States","abeonatherapeutics.com","68","0","$0.52",-,2026-06-15,"0","0","0","0","0","0","0","0","0","0","0.00%","$0.00"
323380,"Abeona Therapeutics","United States","abeonatherapeutics.com","66","0","$0.51",-,2026-06-15,"0","0","0","0","0","0","0","0","0","0","0.00%","$0.00"
324978,"Abeona Therapeutics","United States","abeonatherapeutics.com","1","0","$0.01",-,2026-06-12,"0","0","1","0","0","0","0","0","0","0","0.00%","$0.00"
324927,"Abeona Therapeutics","United States","abeonatherapeutics.com","6","0","$0.06",-,2026-06-15,"0","0","6","0","2","2","2","1","2","1","16.67%","$0.06"
323379,"AbbVie","United States","abbvie.com","2,982","1","$22.59",Increased,2026-06-15,"0","0","0","0","0","0","0","0","0","0","0.00%","$0.00"
324978,"AbbVie","United States","abbvie.com","538","0","$4.88",-,2026-06-15,"0","58","519","0","372","335","274","212","335","212","39.41%","$0.02"
323379,"AIVITA Biomedical","United States","aivitabiomedical.com","35","0","$0.26",-,2026-06-15,"0","0","0","0","0","0","0","0","0","0","0.00%","$0.00"
323379,"4D Molecular Therapeutics","United States","4dmoleculartherapeutics.com","146","0","$1.10",-,2026-06-15,"0","0","0","0","0","0","0","0","0","0","0.00%","$0.00"
324978,"4D Molecular Therapeutics","United States","4dmoleculartherapeutics.com","1","0","$0.01",-,2026-06-14,"0","0","1","0","1","1","1","0","1","0","0.00%","$0.00"
